[
 {
  "model": "movies.movie",
  "pk": 20070209,
  "fields": {
   "movieNm": "화려한 휴가",
   "movieNmEn": "May 18",
   "showTm": "125",
   "prdtYear": "2007",
   "nations": [
    "한국"
   ],
   "genres": [
    "드라마"
   ],
   "directors": [
    "김지훈"
   ],
   "actors": [
    "김상경",
    "이창민",
    "안성기",
    "이요원",
    "이준기",
    "박철민",
    "송진호",
    "김명훈",
    "신진철",
    "황대원",
    "김하림",
    "조일연",
    "박지운",
    "한대관",
    "백광두",
    "주현철",
    "김도일",
    "유현진",
    "이희원",
    "박민수",
    "임남혁",
    "박병렬",
    "박상준",
    "임종민",
    "임왕섭",
    "김철기",
    "김철준",
    "정재헌",
    "이강영",
    "이규현",
    "김용욱",
    "이재열",
    "이정국",
    "이종대",
    "손병호",
    "이얼",
    "황영희",
    "엄효섭",
    "곽민호",
    "오희준",
    "임현성",
    "권태원",
    "전국향",
    "정인기",
    "김봉수",
    "신유람",
    "최원"
   ]
  }
 },
 {
  "model": "movies.movie",
  "pk": 20191061,
  "fields": {
   "movieNm": "007 노 타임 투 다이",
   "movieNmEn": "007 No Time To Die",
   "showTm": "163",
   "prdtYear": "2021",
   "nations": [
    "미국"
   ],
   "genres": [
    "액션"
   ],
   "directors": [
    "캐리 후쿠나가"
   ],
   "actors": [
    "다니엘 크레이그",
    "라미 말렉",
    "라샤냐 린치",
    "레아 세이두",
    "벤 위쇼",
    "아나 디 아르마스",
    "나오미 해리스",
    "랄프 파인즈"
   ]
  }
 },
 {
  "model": "movies.movie",
  "pk": 20060387,
  "fields": {
   "movieNm": "미녀는 괴로워",
   "movieNmEn": "200 Pounds Beauty",
   "showTm": "120",
   "prdtYear": "2006",
   "nations": [
    "한국"
   ],
   "genres": [
    "멜로/로맨스",
    "코미디"
   ],
   "directors": [
    "김용화"
   ],
   "actors": [
    "김아중",
    "주진모",
    "김현숙",
    "신미영",
    "김원",
    "조아영",
    "신정원",
    "차원호",
    "원동연",
    "이보라",
    "장재권",
    "전고은",
    "임민승",
    "윤지원",
    "박성용",
    "박성현",
    "오재진",
    "김정만",
    "정명희",
    "오경성",
    "김종태",
    "이혜림",
    "이종필",
    "박노식",
    "김용건",
    "박휘순",
    "이원종",
    "이한위",
    "류승수",
    "정민성",
    "김지석"
   ]
  }
 },
 {
  "model": "movies.movie",
  "pk": 20088506,
  "fields": {
   "movieNm": "26년",
   "movieNmEn": "26 Years",
   "showTm": "135",
   "prdtYear": "2012",
   "nations": [
    "한국"
   ],
   "genres": [
    "액션",
    "드라마"
   ],
   "directors": [
    "조근현"
   ],
   "actors": [
    "진구",
    "한혜진",
    "임슬옹",
    "배수빈",
    "이경영",
    "장광",
    "천우희",
    "이현걸",
    "전종석",
    "정광재",
    "지성용",
    "김병오",
    "이상훈",
    "이경영",
    "정현진",
    "이미도",
    "조덕제",
    "김의성",
    "김도윤",
    "김태준",
    "김기천",
    "이상훈",
    "정희태",
    "한사명",
    "박서연"
   ]
  }
 },
 {
  "model": "movies.movie",
  "pk": 20217826,
  "fields": {
   "movieNm": "육사오(6/45)",
   "movieNmEn": "6/45",
   "showTm": "113",
   "prdtYear": "2022",
   "nations": [
    "한국"
   ],
   "genres": [
    "코미디"
   ],
   "directors": [
    "박규태"
   ],
   "actors": [
    "고경표",
    "이이경",
    "음문석",
    "박세완",
    "이순원",
    "곽동연",
    "김민호",
    "류승수",
    "윤병희",
    "이준혁",
    "신원호",
    "남도윤",
    "서정우",
    "최민혁",
    "배한솔",
    "정상철",
    "강길준",
    "김건우",
    "김슬민",
    "오병곤",
    "윤지용",
    "박치우",
    "이학주",
    "김관모",
    "홍민기",
    "김민규",
    "김백겸",
    "문경민",
    "박혁진",
    "유병수",
    "이태경",
    "윤지홍",
    "손경표",
    "강운",
    "최현태",
    "서한돌",
    "이동환",
    "구본혁",
    "김진형",
    "송호제",
    "신문선",
    "이건록",
    "이동기",
    "이수",
    "이시안",
    "이지운",
    "정시훈",
    "채원우",
    "최기표",
    "황민혁",
    "황태훈",
    "최원",
    "서지원",
    "오혜금",
    "편한마음",
    "김재민",
    "이종훈",
    "조미초",
    "이예진",
    "정인기",
    "박희진",
    "이현걸",
    "오현수",
    "정용식"
   ]
  }
 },
 {
  "model": "movies.movie",
  "pk": 20100296,
  "fields": {
   "movieNm": "포화속으로",
   "movieNmEn": "71-Into The Fire",
   "showTm": "120",
   "prdtYear": "2010",
   "nations": [
    "한국"
   ],
   "genres": [
    "드라마",
    "전쟁"
   ],
   "directors": [
    "이재한"
   ],
   "actors": [
    "차승원",
    "권상우",
    "최승현",
    "김승우",
    "김혜성",
    "신현탁",
    "문재원",
    "김득겸",
    "신경선",
    "추종범",
    "홍성진",
    "신성현",
    "김윤성",
    "장문석",
    "김한준",
    "황승현",
    "김동윤",
    "김동범",
    "서승택",
    "김경주",
    "김대연",
    "김규호",
    "채호병",
    "김태환",
    "유승현",
    "유영준",
    "최민석",
    "유한솔",
    "윤승훈",
    "장현근",
    "이성문",
    "정경일",
    "윤진태",
    "이세진",
    "정재훈",
    "정준혁",
    "김정섭",
    "김수형",
    "김승환",
    "이경현",
    "이현종",
    "고은총",
    "이동훈",
    "박진희",
    "데이비드 맥기니스",
    "남태부",
    "강필선",
    "진용욱",
    "김호원",
    "황유현",
    "염혜란",
    "백인권",
    "위지웅"
   ]
  }
 },
 {
  "model": "movies.movie",
  "pk": 20050064,
  "fields": {
   "movieNm": "간 큰 가족",
   "movieNmEn": "A Bold Family",
   "showTm": "102",
   "prdtYear": "2005",
   "nations": [
    "한국"
   ],
   "genres": [
    "코미디"
   ],
   "directors": [
    "조명남"
   ],
   "actors": [
    "감우성",
    "김수미",
    "김수로",
    "김도연",
    "조용희",
    "김기철",
    "김길라",
    "정현우",
    "유장식",
    "최성용",
    "김영희",
    "김용완",
    "성지루",
    "전국환",
    "신이",
    "박충선",
    "김태곤",
    "이칸희",
    "최교식",
    "정희태",
    "오창경",
    "서자영"
   ]
  }
 },
 {
  "model": "movies.movie",
  "pk": 20228268,
  "fields": {
   "movieNm": "작전",
   "movieNmEn": "a covert operation",
   "showTm": "26",
   "prdtYear": "2022",
   "nations": [
    "한국"
   ],
   "genres": [
    "코미디"
   ],
   "directors": [
    "김태윤"
   ],
   "actors": [
    "강현준"
   ]
  }
 },
 {
  "model": "movies.movie",
  "pk": 20060421,
  "fields": {
   "movieNm": "바람피기 좋은 날",
   "movieNmEn": "A Day For An Affair",
   "showTm": "103",
   "prdtYear": "2007",
   "nations": [
    "한국"
   ],
   "genres": [
    "드라마",
    "멜로/로맨스",
    "코미디"
   ],
   "directors": [
    "장문일"
   ],
   "actors": [
    "김혜수",
    "윤진서",
    "이종혁",
    "이민기",
    "김도연",
    "송정은",
    "홍상아",
    "조선경",
    "백진주",
    "김남훈",
    "박마리아",
    "장선영",
    "윤정호",
    "박수화",
    "정원모",
    "김정동",
    "오혜원",
    "최은애",
    "김영경",
    "박상면",
    "정은표",
    "황정민",
    "김승훈",
    "김영웅",
    "한혜선"
   ]
  }
 },
 {
  "model": "movies.movie",
  "pk": 20081716,
  "fields": {
   "movieNm": "쌍화점",
   "movieNmEn": "A Frozen Flower",
   "showTm": "133",
   "prdtYear": "2008",
   "nations": [
    "한국"
   ],
   "genres": [
    "드라마"
   ],
   "directors": [
    "유하"
   ],
   "actors": [
    "조인성",
    "주진모",
    "송지효",
    "심지호",
    "임주환",
    "여욱환",
    "송중기",
    "노민우",
    "조강현",
    "김기방",
    "홍종현",
    "김기석",
    "현우",
    "박종수",
    "김효주",
    "조상민",
    "박지민",
    "백승호",
    "한지원",
    "서영주",
    "유정연",
    "박재연",
    "박상민",
    "정광민",
    "김세정",
    "김세희",
    "김태수",
    "정우진",
    "박선영",
    "최승희",
    "정성일",
    "이승구",
    "김수지",
    "이진아",
    "이주훈",
    "서영주",
    "손종학",
    "조진웅",
    "박성훈",
    "이세랑",
    "임현성",
    "권태원",
    "이성우",
    "김기범"
   ]
  }
 },
 {
  "model": "movies.movie",
  "pk": 20040673,
  "fields": {
   "movieNm": "내 머리 속의 지우개",
   "movieNmEn": "A Moment To Remember",
   "showTm": "117",
   "prdtYear": "2004",
   "nations": [
    "한국"
   ],
   "genres": [
    "멜로/로맨스"
   ],
   "directors": [
    "이재한"
   ],
   "actors": [
    "정우성",
    "손예진",
    "데이비드 맥기니스",
    "김부선",
    "정광재",
    "최기호",
    "박경진",
    "장재용",
    "전은희",
    "이영필",
    "박윤희",
    "이정인",
    "신현탁",
    "김중기",
    "권병길",
    "진용욱",
    "정민성",
    "최교식"
   ]
  }
 },
 {
  "model": "movies.movie",
  "pk": 20204261,
  "fields": {
   "movieNm": "콰이어트 플레이스 2",
   "movieNmEn": "A Quiet Place: Part II",
   "showTm": "96",
   "prdtYear": "2020",
   "nations": [
    "미국"
   ],
   "genres": [
    "스릴러"
   ],
   "directors": [
    "존 크래신스키"
   ],
   "actors": [
    "에밀리 블런트",
    "킬리언 머피",
    "노아 주프",
    "밀리센트 시몬스",
    "디몬 하운수",
    "웨인 듀발"
   ]
  }
 },
 {
  "model": "movies.movie",
  "pk": 20162869,
  "fields": {
   "movieNm": "택시운전사",
   "movieNmEn": "A Taxi Driver",
   "showTm": "137",
   "prdtYear": "2017",
   "nations": [
    "한국"
   ],
   "genres": [
    "드라마"
   ],
   "directors": [
    "장훈"
   ],
   "actors": [
    "이수민",
    "송강호",
    "토마스 크레취만",
    "유해진",
    "류준열",
    "박혁권",
    "최귀화",
    "이창섭",
    "이호균",
    "서정우",
    "송병철",
    "안용우",
    "오석규",
    "윤석진",
    "이새별",
    "이성호",
    "이정은",
    "이주영",
    "황민형",
    "김신웅",
    "김진상",
    "김화목",
    "차순배",
    "김대현",
    "서현우",
    "이봉련",
    "홍완표",
    "문광식",
    "류성현",
    "백인권",
    "허정도",
    "손경원",
    "한사명",
    "한이진"
   ]
  }
 },
 {
  "model": "movies.movie",
  "pk": 20145507,
  "fields": {
   "movieNm": "검사외전",
   "movieNmEn": "A Violent Prosecutor",
   "showTm": "126",
   "prdtYear": "2015",
   "nations": [
    "한국"
   ],
   "genres": [
    "범죄",
    "코미디"
   ],
   "directors": [
    "이일형"
   ],
   "actors": [
    "황정민",
    "강동원",
    "이성민",
    "박성웅",
    "김응수",
    "신소율",
    "주진모",
    "김원해",
    "김홍파",
    "김병옥",
    "박종환",
    "전배수",
    "박지환",
    "손종학",
    "신혜선",
    "김시은",
    "김종수",
    "한재영",
    "박지환",
    "박종우",
    "박지홍",
    "송승현",
    "윤석민",
    "이규호",
    "이석준",
    "이선주",
    "이승우",
    "이승준",
    "이승훈",
    "이승훈",
    "최현준",
    "김영",
    "이정은",
    "장지건",
    "한창현",
    "정기섭",
    "민무제",
    "손성찬",
    "윤경호",
    "최교식",
    "류성현",
    "백익남",
    "백인권",
    "전광진",
    "임용순",
    "박윤호",
    "최정현",
    "남진복",
    "염석무",
    "이형훈",
    "이승민"
   ]
  }
 },
 {
  "model": "movies.movie",
  "pk": 20135428,
  "fields": {
   "movieNm": "어바웃 타임",
   "movieNmEn": "ABOUT TIME",
   "showTm": "123",
   "prdtYear": "2013",
   "nations": [
    "영국"
   ],
   "genres": [
    "멜로/로맨스",
    "코미디"
   ],
   "directors": [
    "리차드 커티스"
   ],
   "actors": [
    "레이첼 맥아담스",
    "도널 글리슨",
    "빌 나이"
   ]
  }
 },
 {
  "model": "movies.movie",
  "pk": 20149454,
  "fields": {
   "movieNm": "알라딘",
   "movieNmEn": "Aladin",
   "showTm": "133",
   "prdtYear": "2009",
   "nations": [
    "인도"
   ],
   "genres": [
    "어드벤처"
   ],
   "directors": [
    "수조이 고쉬"
   ],
   "actors": [
    "아미타브 바흐찬",
    "산제이 더트"
   ]
  }
 },
 {
  "model": "movies.movie",
  "pk": 20208446,
  "fields": {
   "movieNm": "외계+인 1부",
   "movieNmEn": "Alienoid",
   "showTm": "142",
   "prdtYear": "2022",
   "nations": [
    "한국"
   ],
   "genres": [
    "액션",
    "판타지",
    "SF"
   ],
   "directors": [
    "최동훈"
   ],
   "actors": [
    "류준열",
    "김우빈",
    "김태리",
    "소지섭",
    "염정아",
    "조우진",
    "김의성",
    "이하늬",
    "신정근",
    "이시훈",
    "김대명",
    "최유리",
    "김기천",
    "윤병희",
    "지건우",
    "윤경호",
    "옥자연",
    "이현걸",
    "김해숙",
    "유재명",
    "전여빈",
    "김민서",
    "김민준",
    "이선희",
    "백현주",
    "최광제",
    "심달기",
    "조하이",
    "김루아",
    "김강일",
    "이동희",
    "김찬형",
    "박무염",
    "송영광",
    "이동용",
    "장준휘",
    "한성수",
    "김정한",
    "김왕도",
    "김세홍",
    "김만호",
    "김민체",
    "박광재",
    "박수진",
    "김선혁",
    "김우현",
    "김민환",
    "김재현",
    "김윤도",
    "김진욱",
    "김한솔",
    "문바롬",
    "박수찬",
    "성백인",
    "안재원",
    "이태환",
    "이보영",
    "윤상원",
    "손주환",
    "김단비",
    "지한아",
    "김빛나래",
    "김세정",
    "민정은",
    "배윤민",
    "정지원",
    "지성은",
    "전아희",
    "한수아",
    "고나영",
    "박시연",
    "송지혁",
    "우상기",
    "김선혁",
    "한승윤",
    "박인규",
    "강정민",
    "이희규",
    "변진수",
    "양미선",
    "이병욱",
    "장규식",
    "전경희",
    "강춘선",
    "강차욱",
    "김문조",
    "조한길",
    "류관후",
    "김방선",
    "전은미",
    "정민규",
    "고유준",
    "전진기",
    "이원민",
    "이택근",
    "서석규",
    "한동훈",
    "남지우",
    "박래영",
    "임보현",
    "임우진",
    "신혜지",
    "김지선",
    "김예주",
    "이주혁",
    "하시연",
    "차영주",
    "이수진",
    "김수현",
    "현오봉",
    "김승준",
    "박건률",
    "선인호",
    "이동석",
    "조운성",
    "조진결",
    "한지훈",
    "황인직",
    "이준창",
    "황재운",
    "임재민",
    "강기원",
    "전원표",
    "정예서",
    "민새희",
    "오채은",
    "이하주",
    "유독현",
    "이가현",
    "김현식",
    "박종범",
    "이섭정",
    "강한별",
    "김솔로몬",
    "장석준",
    "이수형"
   ]
  }
 },
 {
  "model": "movies.movie",
  "pk": 20188282,
  "fields": {
   "movieNm": "알리타: 배틀 엔젤",
   "movieNmEn": "Alita: Battle Angel",
   "showTm": "121",
   "prdtYear": "2018",
   "nations": [
    "미국"
   ],
   "genres": [
    "액션",
    "어드벤처",
    "멜로/로맨스",
    "SF",
    "스릴러"
   ],
   "directors": [
    "로버트 로드리게즈"
   ],
   "actors": [
    "크리스토프 왈츠",
    "에드 스크레인"
   ]
  }
 },
 {
  "model": "movies.movie",
  "pk": 20113554,
  "fields": {
   "movieNm": "내 아내의 모든 것",
   "movieNmEn": "All About My Wife",
   "showTm": "121",
   "prdtYear": "2012",
   "nations": [
    "한국"
   ],
   "genres": [
    "코미디",
    "멜로/로맨스"
   ],
   "directors": [
    "민규동"
   ],
   "actors": [
    "임수정",
    "이선균",
    "류승룡",
    "이달형",
    "이진희",
    "김도균",
    "김선일",
    "최차원",
    "신경철",
    "옥광희",
    "박희본",
    "김지영",
    "정대용",
    "남명렬",
    "김도영",
    "한이진",
    "박현우"
   ]
  }
 },
 {
  "model": "movies.movie",
  "pk": 20050232,
  "fields": {
   "movieNm": "내 생애 가장 아름다운 일주일",
   "movieNmEn": "All For Love",
   "showTm": "129",
   "prdtYear": "2005",
   "nations": [
    "한국"
   ],
   "genres": [
    "멜로/로맨스"
   ],
   "directors": [
    "민규동"
   ],
   "actors": [
    "황정민",
    "엄정화",
    "김유정",
    "김윤석",
    "진태현",
    "임창정",
    "정경호",
    "최원석",
    "김수로",
    "정혜영",
    "조상철",
    "김민섭",
    "박준석",
    "전성호",
    "한상훈",
    "서성종",
    "김다인",
    "김도민",
    "유근희",
    "김성래",
    "최민규",
    "전창훈",
    "박상현",
    "임이랑",
    "이주리",
    "김승원",
    "이진호",
    "이은희",
    "이현",
    "이현규",
    "서영희",
    "박진우",
    "우현",
    "주현",
    "정경호",
    "조희봉",
    "이세영",
    "류승수"
   ]
  }
 },
 {
  "model": "movies.movie",
  "pk": 20060051,
  "fields": {
   "movieNm": "청춘만화",
   "movieNmEn": "Almost Love",
   "showTm": "116",
   "prdtYear": "2006",
   "nations": [
    "한국"
   ],
   "genres": [
    "코미디",
    "멜로/로맨스"
   ],
   "directors": [
    "이한"
   ],
   "actors": [
    "권상우",
    "김하늘",
    "이상우",
    "강기화",
    "김효경",
    "홍수연",
    "김희숙",
    "박정섭",
    "최현경",
    "박진아",
    "서지은",
    "김광태",
    "원진",
    "김선웅",
    "임혜진",
    "박상원",
    "임재강",
    "박승범",
    "최영주",
    "정승혜",
    "임희재",
    "이영철",
    "이경진",
    "장미인애",
    "조덕제",
    "이영란",
    "최종률",
    "정강희"
   ]
  }
 },
 {
  "model": "movies.movie",
  "pk": 20186202,
  "fields": {
   "movieNm": "신과함께-인과 연",
   "movieNmEn": "Along with the Gods: The Last 49 Days",
   "showTm": "141",
   "prdtYear": "2017",
   "nations": [
    "한국"
   ],
   "genres": [
    "판타지",
    "드라마"
   ],
   "directors": [
    "김용화"
   ],
   "actors": [
    "하정우",
    "주지훈",
    "김향기",
    "마동석",
    "김동욱",
    "이정재",
    "김기태",
    "오희준",
    "도경수",
    "이준혁",
    "이수봉",
    "이용희",
    "이우주",
    "이우주",
    "이준혁",
    "이지향",
    "이지향",
    "이지혜",
    "김지안",
    "김철구",
    "김태준",
    "안용우",
    "김학충",
    "노남석",
    "장재욱",
    "전종석",
    "박지선",
    "박찬영",
    "정진영",
    "정지훈",
    "권훈",
    "권수정",
    "김대근",
    "김대현",
    "김동욱",
    "김민석",
    "안지호",
    "강민",
    "조한철",
    "임철수",
    "민무제",
    "강신철",
    "홍기준",
    "장광",
    "정아미",
    "김민종",
    "홍인",
    "류제승",
    "최현종",
    "김그림",
    "양지수",
    "강재은",
    "전승재",
    "정진영"
   ]
  }
 },
 {
  "model": "movies.movie",
  "pk": 20150976,
  "fields": {
   "movieNm": "신과함께-죄와 벌",
   "movieNmEn": "Along with the Gods: The Two Worlds",
   "showTm": "139",
   "prdtYear": "2017",
   "nations": [
    "한국"
   ],
   "genres": [
    "판타지",
    "드라마"
   ],
   "directors": [
    "김용화"
   ],
   "actors": [
    "하정우",
    "차태현",
    "주지훈",
    "김향기",
    "마동석",
    "김동욱",
    "도경수",
    "오달수",
    "임원희",
    "장광",
    "정해균",
    "김수안",
    "이정재",
    "김해숙",
    "이경영",
    "김하늘",
    "최용훈",
    "강소백",
    "정수윤",
    "이수봉",
    "이승준",
    "이지향",
    "김태준",
    "정지훈",
    "예수정",
    "김기태",
    "성유빈",
    "오희준",
    "이준혁",
    "유수빈",
    "윤지온",
    "임철수",
    "나철",
    "강길우",
    "김민종",
    "홍인",
    "정순원",
    "김그림",
    "박윤호",
    "양지수",
    "김지나",
    "윤승훈"
   ]
  }
 },
 {
  "model": "movies.movie",
  "pk": 20178982,
  "fields": {
   "movieNm": "박열",
   "movieNmEn": "Anarchist from the colony",
   "showTm": "128",
   "prdtYear": "2017",
   "nations": [
    "한국"
   ],
   "genres": [
    "드라마"
   ],
   "directors": [
    "이준익"
   ],
   "actors": [
    "이제훈",
    "최희서",
    "김인우",
    "권율",
    "민진웅",
    "이형석",
    "박진성",
    "배정환",
    "서동기",
    "정무진",
    "정승채",
    "조박",
    "윤재국",
    "이경수",
    "이동욱",
    "이병훈",
    "이성규",
    "이승환",
    "이신우",
    "이영상",
    "이재성",
    "이정현",
    "이종민",
    "홍준석",
    "달시 파켓",
    "김준한",
    "최정헌",
    "백수장",
    "이정현",
    "정준원",
    "류성현",
    "박기륭",
    "김성철",
    "정태야",
    "김희상",
    "손준영"
   ]
  }
 },
 {
  "model": "movies.movie",
  "pk": 20090234,
  "fields": {
   "movieNm": "천사와 악마",
   "movieNmEn": "Angels & Demons",
   "showTm": "138",
   "prdtYear": "2009",
   "nations": [
    "미국"
   ],
   "genres": [
    "미스터리",
    "범죄",
    "스릴러"
   ],
   "directors": [
    "론 하워드"
   ],
   "actors": [
    "톰 행크스",
    "이완 맥그리거"
   ]
  }
 },
 {
  "model": "movies.movie",
  "pk": 20040786,
  "fields": {
   "movieNm": "공공의 적 2",
   "movieNmEn": "Another Public Enemy",
   "showTm": "149",
   "prdtYear": "2005",
   "nations": [
    "한국"
   ],
   "genres": [
    "드라마"
   ],
   "directors": [
    "강우석"
   ],
   "actors": [
    "설경구",
    "정준호",
    "유해진",
    "강경덕",
    "박웅",
    "강신일",
    "홍지연",
    "전미애",
    "박태수",
    "남성훈",
    "한재준",
    "서영민",
    "박상욱",
    "최수경",
    "이채은",
    "이미도",
    "변희봉",
    "최정우",
    "김강일",
    "남문철",
    "권태원",
    "원근희"
   ]
  }
 },
 {
  "model": "movies.movie",
  "pk": 20180522,
  "fields": {
   "movieNm": "앤트맨과 와스프",
   "movieNmEn": "Ant-Man and the Wasp",
   "showTm": "118",
   "prdtYear": "2018",
   "nations": [
    "미국"
   ],
   "genres": [
    "액션",
    "어드벤처",
    "SF"
   ],
   "directors": [
    "페이튼 리드"
   ],
   "actors": [
    "폴 러드",
    "에반젤린 릴리",
    "마이클 더글라스",
    "미셀 파이퍼",
    "로렌스 피쉬번",
    "해나 존-케이먼",
    "마이클 페나",
    "월튼 고긴스"
   ]
  }
 },
 {
  "model": "movies.movie",
  "pk": 20180290,
  "fields": {
   "movieNm": "아쿠아맨",
   "movieNmEn": "AQUAMAN",
   "showTm": "143",
   "prdtYear": "2018",
   "nations": [
    "미국",
    "호주"
   ],
   "genres": [
    "액션"
   ],
   "directors": [
    "제임스 완"
   ],
   "actors": [
    "제이슨 모모아",
    "앰버 허드",
    "니콜 키드먼",
    "패트릭 윌슨",
    "윌렘 데포",
    "돌프 룬드그렌"
   ]
  }
 },
 {
  "model": "movies.movie",
  "pk": 20124074,
  "fields": {
   "movieNm": "건축학개론",
   "movieNmEn": "Architecture 101",
   "showTm": "118",
   "prdtYear": "2012",
   "nations": [
    "한국"
   ],
   "genres": [
    "멜로/로맨스",
    "드라마"
   ],
   "directors": [
    "이용주"
   ],
   "actors": [
    "엄태웅",
    "한가인",
    "이제훈",
    "배수지",
    "고준희",
    "조정석",
    "신민영",
    "신예진",
    "유연석",
    "조현철",
    "박진우",
    "김의성",
    "이승호",
    "박수영",
    "박지은"
   ]
  }
 },
 {
  "model": "movies.movie",
  "pk": 20124045,
  "fields": {
   "movieNm": "코리아",
   "movieNmEn": "As One",
   "showTm": "127",
   "prdtYear": "2011",
   "nations": [
    "한국"
   ],
   "genres": [
    "드라마"
   ],
   "directors": [
    "문현성"
   ],
   "actors": [
    "하지원",
    "배두나",
    "한예리",
    "최윤영",
    "박철민",
    "김응수",
    "오정세",
    "이종석",
    "박영서",
    "박정학",
    "허승",
    "홍혜림",
    "박지연",
    "유영기",
    "천우희",
    "주영호",
    "김재화",
    "김원해",
    "이한위",
    "김인우",
    "장리우",
    "이주실",
    "권태원",
    "박지연",
    "권은수",
    "차청화",
    "한사명",
    "이정민",
    "이언수"
   ]
  }
 },
 {
  "model": "movies.movie",
  "pk": 20192206,
  "fields": {
   "movieNm": "백두산",
   "movieNmEn": "ASHFALL",
   "showTm": "128",
   "prdtYear": "2019",
   "nations": [
    "한국"
   ],
   "genres": [
    "어드벤처",
    "드라마"
   ],
   "directors": [
    "김병서",
    "이해준"
   ],
   "actors": [
    "이병헌",
    "하정우",
    "마동석",
    "전혜진",
    "배수지",
    "손성찬",
    "서명찬",
    "양지수",
    "박준영",
    "양대혁",
    "김재철",
    "박지훈",
    "변우석",
    "지화섭",
    "김지민",
    "이정민",
    "허승",
    "차시원",
    "김훈만",
    "손영순",
    "박태산",
    "우진혁",
    "신성일",
    "김세윤",
    "김정현",
    "허지나",
    "김지훈",
    "한창민",
    "남상지",
    "김연교",
    "정윤하",
    "김하라",
    "이은희",
    "이상원",
    "옥자연",
    "한수현",
    "강신철",
    "이경영",
    "조한철",
    "최광일",
    "김시아",
    "임형국",
    "박주환",
    "남성준",
    "김민식",
    "박지홍",
    "서현우",
    "김준원",
    "남문철",
    "박성근",
    "전도연",
    "노종면",
    "이광연",
    "이종원",
    "김경수",
    "나경철",
    "박윤미",
    "염상훈",
    "차해리",
    "김태은",
    "서석규",
    "서문호",
    "장재희",
    "나경진",
    "김효준",
    "김성혁",
    "권수진",
    "임윤비",
    "장근영",
    "서문호",
    "한동훈",
    "오지영",
    "박정숙",
    "홍지아",
    "임수아",
    "권귀덕",
    "김기태",
    "김찬욱",
    "김양원",
    "김시원",
    "김대경",
    "강규현",
    "박범석",
    "이재한",
    "임무빈",
    "장나라",
    "서영재",
    "김통령",
    "최정현",
    "이한결",
    "안구희",
    "정한빈",
    "최홍락",
    "정상균",
    "이육헌",
    "권혁일",
    "이두원",
    "이창석",
    "장용희",
    "김동빈",
    "김영경",
    "김진문",
    "민병욱",
    "윤슬기",
    "장태영",
    "정진혁",
    "한동훈",
    "백경윤",
    "고한민",
    "허승",
    "양지수",
    "한동훈",
    "서문호",
    "김연교"
   ]
  }
 },
 {
  "model": "movies.movie",
  "pk": 20138838,
  "fields": {
   "movieNm": "아수라",
   "movieNmEn": "Asura",
   "showTm": "75",
   "prdtYear": "2013",
   "nations": [
    "일본"
   ],
   "genres": [
    "애니메이션",
    "공포(호러)"
   ],
   "directors": [
    "사토 케이이치"
   ],
   "actors": []
  }
 },
 {
  "model": "movies.movie",
  "pk": 20070585,
  "fields": {
   "movieNm": "어거스트 러쉬",
   "movieNmEn": "August Rush",
   "showTm": "113",
   "prdtYear": "2007",
   "nations": [
    "미국"
   ],
   "genres": [
    "드라마"
   ],
   "directors": [
    "커스틴 쉐리단"
   ],
   "actors": [
    "프레디 하이모어",
    "조나단 리스 마이어스",
    "케리 러셀"
   ]
  }
 },
 {
  "model": "movies.movie",
  "pk": 20041212,
  "fields": {
   "movieNm": "아바타",
   "movieNmEn": "Avatar",
   "showTm": "98",
   "prdtYear": "2004",
   "nations": [
    "싱가포르"
   ],
   "genres": [
    "SF"
   ],
   "directors": [
    "지안 홍 쿠오"
   ],
   "actors": [
    "제네비에브 오렐리"
   ]
  }
 },
 {
  "model": "movies.movie",
  "pk": 20184889,
  "fields": {
   "movieNm": "어벤져스: 엔드게임",
   "movieNmEn": "Avengers: Endgame",
   "showTm": "180",
   "prdtYear": "2018",
   "nations": [
    "미국"
   ],
   "genres": [
    "액션",
    "SF"
   ],
   "directors": [
    "안소니 루소",
    "조 루소"
   ],
   "actors": [
    "로버트 다우니 주니어",
    "크리스 에반스",
    "마크 러팔로",
    "크리스 헴스워스",
    "스칼렛 요한슨",
    "제레미 레너",
    "돈 치들",
    "폴 러드",
    "브리 라슨",
    "카렌 길런",
    "브래들리 쿠퍼",
    "조슈 브롤린"
   ]
  }
 },
 {
  "model": "movies.movie",
  "pk": 20177478,
  "fields": {
   "movieNm": "어벤져스: 인피니티 워",
   "movieNmEn": "Avengers: Infinity War",
   "showTm": "149",
   "prdtYear": "2018",
   "nations": [
    "미국"
   ],
   "genres": [
    "액션",
    "어드벤처",
    "판타지",
    "SF"
   ],
   "directors": [
    "안소니 루소",
    "조 루소"
   ],
   "actors": [
    "로버트 다우니 주니어",
    "조슈 브롤린",
    "마크 러팔로",
    "톰 히들스턴",
    "크리스 에반스",
    "크리스 헴스워스",
    "제레미 레너",
    "스칼렛 요한슨",
    "엘리자베스 올슨",
    "안소니 마키",
    "폴 러드",
    "기네스 팰트로우",
    "폴 베타니",
    "돈 치들",
    "베네딕트 컴버배치",
    "톰 홀랜드",
    "크리스 프랫",
    "조 샐다나",
    "카렌 길런",
    "브래들리 쿠퍼",
    "빈 디젤",
    "데이브 바티스타",
    "세바스찬 스탠",
    "채드윅 보스만",
    "코비 스멀더스",
    "베니치오 델 토로",
    "피터 딘클리지",
    "사무엘 L. 잭슨",
    "다네이 거라이라",
    "베네딕트 웡"
   ]
  }
 },
 {
  "model": "movies.movie",
  "pk": 20196670,
  "fields": {
   "movieNm": "나쁜 녀석들: 포에버",
   "movieNmEn": "Bad Boys for Life",
   "showTm": "123",
   "prdtYear": "2019",
   "nations": [
    "미국"
   ],
   "genres": [
    "액션"
   ],
   "directors": [
    "아딜 엘 아르비",
    "빌랄 팔라"
   ],
   "actors": [
    "윌 스미스",
    "마틴 로렌스",
    "바네사 허진스"
   ]
  }
 },
 {
  "model": "movies.movie",
  "pk": 20060005,
  "fields": {
   "movieNm": "맨발의 기봉이",
   "movieNmEn": "Barefoot Ki-Bong",
   "showTm": "100",
   "prdtYear": "2006",
   "nations": [
    "한국"
   ],
   "genres": [
    "드라마",
    "코미디",
    "가족"
   ],
   "directors": [
    "권수경"
   ],
   "actors": [
    "신현준",
    "김수미",
    "김효진",
    "오수현",
    "정구영",
    "강낙호",
    "최진용",
    "김현경",
    "박상희",
    "최양락",
    "이정주",
    "임하룡",
    "조덕현",
    "탁재훈",
    "지대한",
    "권병길",
    "서자영"
   ]
  }
 },
 {
  "model": "movies.movie",
  "pk": 20152781,
  "fields": {
   "movieNm": "배트맨 대 슈퍼맨: 저스티스의 시작",
   "movieNmEn": "Batman v Superman: Dawn of Justice",
   "showTm": "151",
   "prdtYear": "2016",
   "nations": [
    "미국"
   ],
   "genres": [
    "액션",
    "어드벤처",
    "판타지"
   ],
   "directors": [
    "잭 스나이더"
   ],
   "actors": [
    "헨리 카빌",
    "벤 애플렉",
    "에이미 아담스",
    "로렌스 피쉬번",
    "제시 아이젠버그",
    "제레미 아이언스",
    "홀리 헌터",
    "갤 가돗"
   ]
  }
 },
 {
  "model": "movies.movie",
  "pk": 20102415,
  "fields": {
   "movieNm": "평양성",
   "movieNmEn": "Battlefield Heroes",
   "showTm": "117",
   "prdtYear": "2010",
   "nations": [
    "한국"
   ],
   "genres": [
    "전쟁",
    "코미디",
    "드라마"
   ],
   "directors": [
    "이준익"
   ],
   "actors": [
    "정진영",
    "이문식",
    "류승룡",
    "윤제문",
    "선우선",
    "이광수",
    "신정근",
    "류승수",
    "강하늘",
    "정석용",
    "한동학",
    "박장호",
    "김민상",
    "김현찬",
    "박종범",
    "황인범",
    "조철현",
    "한재덕",
    "이영수",
    "김도한",
    "최대성",
    "김태훈",
    "최민수",
    "이석원",
    "장무준",
    "오승현",
    "이광일",
    "김지환",
    "이현구",
    "고은총",
    "이대연",
    "유하복",
    "김강일",
    "이원종",
    "전원주",
    "박용우",
    "류승완",
    "류담",
    "김병만",
    "황정민",
    "원현준",
    "이상훈",
    "류성현"
   ]
  }
 },
 {
  "model": "movies.movie",
  "pk": 20112134,
  "fields": {
   "movieNm": "배틀쉽",
   "movieNmEn": "Battleship",
   "showTm": "131",
   "prdtYear": "2012",
   "nations": [
    "미국"
   ],
   "genres": [
    "SF",
    "액션"
   ],
   "directors": [
    "피터 버그"
   ],
   "actors": [
    "리암 니슨",
    "테일러 키취",
    "알렉산더 스카스가드",
    "브룩클린 데커",
    "리한나"
   ]
  }
 },
 {
  "model": "movies.movie",
  "pk": 20170669,
  "fields": {
   "movieNm": "지금 만나러 갑니다",
   "movieNmEn": "Be With You",
   "showTm": "131",
   "prdtYear": "2017",
   "nations": [
    "한국"
   ],
   "genres": [
    "멜로/로맨스"
   ],
   "directors": [
    "이장훈"
   ],
   "actors": [
    "소지섭",
    "손예진",
    "김지환",
    "고창석",
    "이유진",
    "김현수",
    "배유람",
    "이준혁",
    "서정연",
    "손여은",
    "이진",
    "이상철",
    "이재환",
    "이정민",
    "변지은",
    "김지민",
    "송지연",
    "이준성",
    "김지호",
    "김하은",
    "유은성",
    "박서준",
    "정유민",
    "정현우",
    "차봉주",
    "김경애",
    "김선웅",
    "김범준",
    "공효진",
    "김민석"
   ]
  }
 },
 {
  "model": "movies.movie",
  "pk": 20180962,
  "fields": {
   "movieNm": "지푸라기라도 잡고 싶은 짐승들",
   "movieNmEn": "BEASTS CLAWING AT STRAWS",
   "showTm": "108",
   "prdtYear": "2018",
   "nations": [
    "한국"
   ],
   "genres": [
    "스릴러",
    "범죄"
   ],
   "directors": [
    "김용훈"
   ],
   "actors": [
    "전도연",
    "정우성",
    "배성우",
    "윤여정",
    "정만식",
    "진경",
    "신현빈",
    "김준한",
    "정가람",
    "박지환",
    "허동원",
    "배진웅",
    "장의돈",
    "권혁범",
    "윤태수",
    "이이담",
    "성도현",
    "이상경",
    "임호준",
    "엄태옥",
    "홍성덕",
    "정재훈",
    "성승택",
    "김나래",
    "박예림",
    "구인정",
    "정도영",
    "조재완",
    "김진만",
    "심소영",
    "김대한",
    "손현준",
    "황현",
    "하재열",
    "선율우",
    "황인보",
    "김정한",
    "강성호",
    "박정민",
    "장의돈",
    "홍택근",
    "윤서정",
    "오기환",
    "정선우",
    "김현임",
    "황인성",
    "박현준",
    "이요섭",
    "정대웅",
    "이순화",
    "현정애",
    "김정남",
    "유인혜",
    "정지영",
    "김희주",
    "윤태수",
    "오혜림",
    "박세라",
    "이예린"
   ]
  }
 },
 {
  "model": "movies.movie",
  "pk": 20135133,
  "fields": {
   "movieNm": "미녀와 야수",
   "movieNmEn": "Beauty And The Beast",
   "showTm": "96",
   "prdtYear": "1946",
   "nations": [
    "프랑스"
   ],
   "genres": [
    "판타지",
    "멜로/로맨스"
   ],
   "directors": [
    "장 콕토"
   ],
   "actors": [
    "자셋 데이",
    "장 마레",
    "밀라 파렐리"
   ]
  }
 },
 {
  "model": "movies.movie",
  "pk": 20149629,
  "fields": {
   "movieNm": "비긴 어게인",
   "movieNmEn": "Begin Again",
   "showTm": "103",
   "prdtYear": "2013",
   "nations": [
    "미국"
   ],
   "genres": [
    "멜로/로맨스"
   ],
   "directors": [
    "존 카니"
   ],
   "actors": [
    "키이라 나이틀리",
    "마크 러팔로",
    "애덤 리바인",
    "헤일리 스테인펠드",
    "제임스 코든",
    "캐서린 키너"
   ]
  }
 },
 {
  "model": "movies.movie",
  "pk": 20149951,
  "fields": {
   "movieNm": "빅 히어로",
   "movieNmEn": "Big Hero 6",
   "showTm": "107",
   "prdtYear": "2014",
   "nations": [
    "미국"
   ],
   "genres": [
    "애니메이션",
    "액션",
    "코미디"
   ],
   "directors": [
    "돈 홀",
    "크리스 윌리암스"
   ],
   "actors": [
    "라이언 포터",
    "스콧 애짓",
    "다니엘 헤니",
    "제이미 정",
    "T.J. 밀러",
    "제네시스 로드리게스",
    "데이몬 웨이언스 주니어",
    "마야 루돌프",
    "제임스 크롬웰",
    "알란 터딕"
   ]
  }
 },
 {
  "model": "movies.movie",
  "pk": 20226886,
  "fields": {
   "movieNm": "블랙 아담",
   "movieNmEn": "Black Adam",
   "showTm": "124",
   "prdtYear": "2022",
   "nations": [
    "미국"
   ],
   "genres": [
    "액션",
    "어드벤처",
    "SF"
   ],
   "directors": [
    "자움 콜렛 세라"
   ],
   "actors": [
    "드웨인 존슨",
    "노아 센티네오",
    "피어스 브로스넌",
    "퀸테사 스윈들",
    "알디스 호지",
    "사라 샤이"
   ]
  }
 }
]