[
\t{
\t\t"TMDB_pk": 58069,
\t\t"model": "movies.movie",
\t\t"fields": {
\t\t\t"title_en": "18-May",
\t\t\t"title_kr": "화려한 휴가",
\t\t\t"released_date": "2007-07-25",
\t\t\t"genres": [
\t\t\t\t18,
\t\t\t\t36
\t\t\t],
\t\t\t"vote_avg": 6.6,
\t\t\t"overview": "광주에 사는 택시기사 민우(김상경 분). 어릴 적 부모님을 여의고 끔찍이 아끼는 동생 진우(이준기 분)와 단둘이 사는 그는 오직 진우 하나만을 바라보며 평범한 일상을 살고 있다. 진우와 같은 성당에 다니는 간호사 신애(이요원 분)를 맘에 두고 사춘기 소년 같은 구애를 펼치는 그는 작은 일상조차 소중하다. 이렇게 소소한 삶을 즐기는 이들에게 어느 날 갑자기, 생각지도 못한 무시무시한 일이 벌어진다. 무고한 시민들이 총,칼로 무장한 시위대 진압군에게 폭행을 당하고 심지어 죽임을 당하기까지 한다. 눈 앞에서 억울하게 친구, 애인, 가족을 잃은 그들은 퇴역 장교 출신 흥수(안성기 분)을 중심으로 시민군을 결성해 결말을 알 수 없는 열흘 간의 사투를 시작 하는데…",
\t\t\t"poster_path": "/18GIeoDKcmB6eAf4Kng2VoCjbqp.jpg"
\t\t}
\t},
\t{
\t\t"TMDB_pk": 370172,
\t\t"model": "movies.movie",
\t\t"fields": {
\t\t\t"title_en": "007 No Time To Die",
\t\t\t"title_kr": "007 노 타임 투 다이",
\t\t\t"released_date": "2021-09-29",
\t\t\t"genres": [
\t\t\t\t12,
\t\t\t\t28,
\t\t\t\t53
\t\t\t],
\t\t\t"vote_avg": 7.4,
\t\t\t"overview": "MI6를 떠난 이후 매들린(레아 세두)과 이탈리아의 오랜 도시 마테라에서 평화로운 일상을 즐기던 제임스 본드(대니엘 크레이그).  어느 날 CIA 요원 펠릭스(제프리 라이트)가 찾아와 선별적 DNA 공격이 가능한 새로운 형태의 생화학 무기 유출을 알린다. 위험에 처한 전 세계를 구하기 위해 복귀하게 된 제임스 본드는 임무를 수행하는 과정에서 새로운 MI6 요원 노미(라샤나 린치)를 만나고, 모든 사건의 배후에 운명으로 얽혀 있는 최악의 적 사핀(라미 말렉)이 존재한다는 것을 알아낸다. 위험천만한 위기 속, 감춰져 있던 비밀이 밝혀지면서 작전은 점점 더 예측할 수 없는 상황으로 치닫게 되는데...",
\t\t\t"poster_path": "/68ZwnPALUeweaFdT1z75oXJ4Xie.jpg"
\t\t}
\t},
\t{
\t\t"TMDB_pk": 18377,
\t\t"model": "movies.movie",
\t\t"fields": {
\t\t\t"title_en": "200 Pounds Beauty",
\t\t\t"title_kr": "미녀는 괴로워",
\t\t\t"released_date": "2006-12-14",
\t\t\t"genres": [
\t\t\t\t18,
\t\t\t\t35,
\t\t\t\t10749
\t\t\t],
\t\t\t"vote_avg": 6.8,
\t\t\t"overview": "K-1이나 씨름판에 나가도 거뜬할 체격을 가졌지만 한 남자에게 사랑받고 싶은 여린 마음의 소유자 한나. 그녀에게 허락된 유일한 신의 선물은 천상의 목소리. 하지만 이마저도 섹시 미녀가수 '아미'의 목소리를 대신해주는 신세다. '아미'의 음반 프로듀서이자 자신의 음악성을 인정해준 유일한 사람 한상준을 남몰래 사랑하게 된 그녀는 드디어 꿈에 그리던 그의 생일파티에 초대받고 들뜬 마음으로 한껏 멋을 부리고 나타나는데...",
\t\t\t"poster_path": "/hXadaSx1LpT7Hv5dkGWD0SX7z7R.jpg"
\t\t}
\t},
\t{
\t\t"TMDB_pk": 487401,
\t\t"model": "movies.movie",
\t\t"fields": {
\t\t\t"title_en": "200 Pounds Beauty",
\t\t\t"title_kr": "Sắc Đẹp Ngàn Cân",
\t\t\t"released_date": "2017-08-04",
\t\t\t"genres": [
\t\t\t\t10751,
\t\t\t\t35
\t\t\t],
\t\t\t"vote_avg": 0,
\t\t\t"overview": "",
\t\t\t"poster_path": "/hLjq0Mrb8zYVjnuUzpw21AlXsj0.jpg"
\t\t}
\t},
\t{
\t\t"TMDB_pk": 173886,
\t\t"model": "movies.movie",
\t\t"fields": {
\t\t\t"title_en": "26 Years",
\t\t\t"title_kr": "26 Years: The Dewey Bozella Story",
\t\t\t"released_date": "2012-03-15",
\t\t\t"genres": [
\t\t\t\t99
\t\t\t],
\t\t\t"vote_avg": 7.6,
\t\t\t"overview": "",
\t\t\t"poster_path": "/stYHQRc1qjcXSkuUcNjsjvjsJmy.jpg"
\t\t}
\t},
\t{
\t\t"TMDB_pk": 140380,
\t\t"model": "movies.movie",
\t\t"fields": {
\t\t\t"title_en": "26 Years",
\t\t\t"title_kr": "26년",
\t\t\t"released_date": "2012-11-29",
\t\t\t"genres": [
\t\t\t\t18,
\t\t\t\t53
\t\t\t],
\t\t\t"vote_avg": 7,
\t\t\t"overview": "광주 수호파 중간보스 곽진배, 국가대표 사격선수 심미진, 서대문소속 경찰 권정혁, 5. 18 민주화운동 희생자 2세라는 공통 분모를 가진 세 사람이 한 자리에 모였다. 그들을 불러 모은 보안업체 대기업 회장 김갑세와 그의 비서 김주안의 제안은 바로 ‘그 사람’을 타겟으로 한 극비 프로젝트. 진배는 무력도발로 연희동을 자극시킨다. 그러나 김갑세가 광주 시민들을 제압하던 계엄군이었고 그의 총검에 아버지가 죽었다는 사실을 알게 되면서 팀은 균열이 생긴다. 미진은 홀로 서대문 사거리에서 ‘그 사람’의 차량에 뛰어들어 사격을 가한다. 마지막 한발, 성공의 순간 터져버린 총 때문에 부상당한 미진은 뒤늦게 달려온 진배의 도움으로 탈출하지만, 정혁은 충격을 받고 사라진다. 마침내 그날, 저격 위치를 확보한 미진과 경찰 병력을 저지할 진배 일행, 그리고 김갑세와 주안은 탁실장을 이용하여 검문을 통과하고 드디어 연희동 저택 안으로 들어간다. 한편, 서대문경찰서 최계장의 집요한 추적으로 암살 작전의 실체가 밝혀지고 경호실장인 마상렬의 명령으로 연희동 안팎은 빠르게 진압된다. 미진에게까지 포위망은 좁혀지고 사라졌던 정혁이 나타나 작전을 저지하는데...",
\t\t\t"poster_path": "/ljo7aXcGIdYZm90MppokHKreYTT.jpg"
\t\t}
\t},
\t{
\t\t"TMDB_pk": 32779,
\t\t"model": "movies.movie",
\t\t"fields": {
\t\t\t"title_en": "26 Years",
\t\t\t"title_kr": "너를 잊지 않을꺼야",
\t\t\t"released_date": "2007-01-27",
\t\t\t"genres": [
\t\t\t\t18
\t\t\t],
\t\t\t"vote_avg": 6.7,
\t\t\t"overview": "거짓말처럼 아름다운\r 청년이수현의 감동실화  2001년 도쿄, 일본인을 구하기 위해 한국청년이 몸을 던졌다…\r 그리고 지금도, 모두가 당신을 기억합니다.  2001년 도쿄, 술에 취해 선로에 떨어진 일본인을 구하기 위해  한 한국청년이 달리는 지하철로 뛰어들었다. 그는 음악을 좋아하고 운동을 즐기고,  또 이웃나라 일본의 문화를 조금 더 알고 싶었던 평범한 한국청년 이수현.  당시 그의 희생은 일본열도를 감동시켰고  7년이 지난 지금까지 많은 사람들이 그를 잊지 않고 기억하고 있다.  그리고 2008년 가을,  우리가 몰랐던 이수현의 거짓말 같이 아름다운 감동실화가 펼쳐진다.",
\t\t\t"poster_path": "/8Q8hxqsPKuX8EC0c0hP2CbrnjGJ.jpg"
\t\t}
\t},
\t{
\t\t"TMDB_pk": 755135,
\t\t"model": "movies.movie",
\t\t"fields": {
\t\t\t"title_en": "6/45",
\t\t\t"title_kr": "6:45",
\t\t\t"released_date": "2021-08-06",
\t\t\t"genres": [
\t\t\t\t53,
\t\t\t\t27
\t\t\t],
\t\t\t"vote_avg": 5.2,
\t\t\t"overview": "한 커플이 주말 휴가에 나서고, 버려진 섬을 발견한다. 마을의 어두운 비밀을 우연히 발견한 후, 그들은 타임 루프를 작동시켜, 겉으로 보기에는 탈출 수단이 없어 보이는 미친 공포의 순환을 다시 경험하도록 강요받게 된다.",
\t\t\t"poster_path": "/7eQRzz5355LMLZtLL0F3NSvrw6T.jpg"
\t\t}
\t},
\t{
\t\t"TMDB_pk": 821153,
\t\t"model": "movies.movie",
\t\t"fields": {
\t\t\t"title_en": "6/45",
\t\t\t"title_kr": "육사오",
\t\t\t"released_date": "2022-08-24",
\t\t\t"genres": [
\t\t\t\t35
\t\t\t],
\t\t\t"vote_avg": 7.2,
\t\t\t"overview": "우연히 1등 당첨 로또를 주운 말년 병장 천우. 심장이 터질듯한 설렘도 잠시, 순간의 실수로 바람을 타고 군사분계선을 넘어간 로또. 바사삭 부서진 멘탈을 부여잡고 기필코 다시 찾아야 한다! 우연히 남쪽에서 넘어온 1등 당첨 로또를 주운 북한 병사 용호. 이거이 남조선 인민의 고혈을 쥐어 짜내는 육사오라는 종이쪼가리란 말인가? 근데 무려 당첨금이 57억이라고?! 당첨금을 눈앞에서 놓칠 위기에 처한 천우와 북에선 한낱 종이쪼가리일 뿐일 로또를 당첨금으로 바꿔야 하는 용호. 여기에 예상치 못한 멤버들까지 합류하고 57억을 사수하기 위한 3:3팀이 결성되는데…",
\t\t\t"poster_path": "/hYD06ezIZ5dhySVAgxK68y8Z3w3.jpg"
\t\t}
\t},
\t{
\t\t"TMDB_pk": 51200,
\t\t"model": "movies.movie",
\t\t"fields": {
\t\t\t"title_en": "71-Into The Fire",
\t\t\t"title_kr": "포화 속으로",
\t\t\t"released_date": "2010-06-16",
\t\t\t"genres": [
\t\t\t\t10752
\t\t\t],
\t\t\t"vote_avg": 7.4,
\t\t\t"overview": "아무도 예상하지 못했던 한국 전쟁이 시작된다. 압도적인 화력으로 무장한 북한군은 남쪽으로 진격을 거듭하고, 남한군의 패색은 짙어져만 간다. 이미 더 이상 물러설 곳이 없는 남측은 연합군의 도착을 기다리며 낙동강 사수에 모든 것을 건다. 포항을 지키던 강석대의 부대도 낙동강을 사수하기 위해 집결하라는 명령을 받게되자, 강석대는 어쩔 수 없이 71명의 학도병을 그곳에 남겨두고 떠난다. 유일하게 전투에 따라가 본 적이 있다는 이유로 장범이 중대장으로 임명되지만, 소년원에 끌려가는 대신 전쟁터에 자원한 갑조 무리는 대놓고 장범을 무시한다. 총알 한 발씩을 쏴보는 것으로 사격 훈련을 마친 71명의 소년들은 피난민도 군인들도 모두 떠난 텅 빈 포항에서 앞으로 어떤 일이 벌어질 지 모른 채 석대의 부대가 다시 돌아오기만을 기다린다.",
\t\t\t"poster_path": "/zNFGbVBgBxOkz8pcYw61PVbS1a8.jpg"
\t\t}
\t},
\t{
\t\t"TMDB_pk": 158645,
\t\t"model": "movies.movie",
\t\t"fields": {
\t\t\t"title_en": "A Bold Family",
\t\t\t"title_kr": "간 큰 가족",
\t\t\t"released_date": "2005-06-09",
\t\t\t"genres": [
\t\t\t\t35,
\t\t\t\t18
\t\t\t],
\t\t\t"vote_avg": 5.7,
\t\t\t"overview": "수십 년을 함께 살아온 마누라 앞에서 북에 두고 온 마누라 타령만 해대는 간 큰 남편 김노인은 오매불망 북에 두고 온 아내와 딸을 만나는 게 소원인 실향민이다. 여느 때처럼 통일부에 북한주민접촉 신청서를 내고 돌아오던 김노인은 그만 발을 헛딛고 계단에서 굴러 병원에 입원하게 되고, 가족들은 김노인이 ‘간암 말기’라는 뜻밖의 사실을 알게 된다. 게다가 간암 말기 아버지에게 50억 유산이 있었다는 사실을 알게 된 가족들! 하지만 이 유산은 ‘통일이 되었을 경우에만 상속받을 수 있다’는 기이한 조항을 달고 있다. 아버지의 마지막 소원과 자칫 통일부로 전액 기부돼 버릴 뻔한 50억 유산을 사수하기 위해 가족들은 ‘통일이 되었다’는 담화문을 담은 가짜 뉴스 프로그램을 제작해 임종 전 아버지께 보여드리고 감쪽같이 가짜 통일 상황을 믿게 만드는 데 성공하는데...",
\t\t\t"poster_path": "/f0xDD8p4YVonLoS0wRkapDfRBGY.jpg"
\t\t}
\t}
]