[
 {
  "model": "movies.movie",
  "pk": 20113381,
  "fields": {
   "movieNm": "오싹한 연애",
   "movieNmEn": "Spellbound",
   "showTm": "114",
   "prdtYear": "2011",
   "nations": [
    "한국"
   ],
   "genres": [
    "공포(호러)",
    "멜로/로맨스",
    "코미디"
   ],
   "directors": [
    "황인호"
   ],
   "actors": [
    "손예진",
    "이민기",
    "신동훈",
    "김혜숙",
    "조아라",
    "박재우",
    "태리",
    "최우진",
    "이현진",
    "이미도",
    "송지인",
    "황승언",
    "김현숙"
   ]
  }
 }
]